Task,Mean rmse,Standard deviation rmse,Fold 0 rmse
quantified_delivery,0.9014565958739263,0.0,0.9014565958739263
Biodistribution_lymph_nodes,0.008703004094533057,0.0,0.008703004094533057
Biodistribution_heart,0.054941800220358814,0.0,0.054941800220358814
Biodistribution_liver,0.2702897503953442,0.0,0.2702897503953442
Biodistribution_spleen,0.19393452419682985,0.0,0.19393452419682985
Biodistribution_lung,0.4390138198371783,0.0,0.4390138198371783
Biodistribution_kidney,0.03527646387345472,0.0,0.03527646387345472
Biodistribution_muscle,0.20782373723186964,0.0,0.20782373723186964
quantified_total_luminescence,0.6078355673861635,0.0,0.6078355673861635
