Task,Mean rmse,Standard deviation rmse,Fold 0 rmse
Biodistribution_heart,0.05494180022035884,0.0,0.05494180022035884
Biodistribution_kidney,0.035276463873454705,0.0,0.035276463873454705
Biodistribution_liver,0.27028975039534425,0.0,0.27028975039534425
Biodistribution_lung,0.4390138198371783,0.0,0.4390138198371783
Biodistribution_lymph_nodes,0.008703004094533081,0.0,0.008703004094533081
Biodistribution_muscle,0.20782373723186964,0.0,0.20782373723186964
Biodistribution_spleen,0.19393452419682985,0.0,0.19393452419682985
quantified_delivery,0.9014565958739263,0.0,0.9014565958739263
quantified_total_luminescence,0.6078355673861635,0.0,0.6078355673861635
